variant,total_trades,win_rate,net_pnl,expectancy,profit_factor,max_drawdown
baseline_both,129,0.6434108527131783,0.03750249999999644,0.0002907170542635383,1.463738098182227,0.014887499999999831
long_only,66,0.6515151515151515,0.01899499999999754,0.0002878030303029931,1.468896568748401,0.007882500000000903
short_only,63,0.6349206349206349,0.0185074999999989,0.0002937698412698238,1.4585604558969023,0.00984499999999977
long_only_hold4,66,0.6060606060606061,0.016487499999997546,0.00024981060606056886,1.465288556511854,0.008184999999999554
long_only_entry_1430,60,0.6166666666666667,0.010259999999997715,0.00017099999999996193,1.2532707973339376,0.007882500000000903
