threshold_pips,total_trades,win_rate,net_pnl,expectancy,profit_factor,max_drawdown
18,235,0.5914893617021276,0.01421999999999346,6.051063829784451e-05,1.0906165365620106,0.028122499999999495
20,179,0.5977653631284916,0.018642499999994344,0.00010414804469270583,1.1505795404062384,0.025657499999999778
22,129,0.6434108527131783,0.03750249999999644,0.0002907170542635383,1.463738098182227,0.014887499999999831
24,107,0.616822429906542,0.03005249999999604,0.0002808644859812714,1.4331267565035146,0.013487499999999764
26,86,0.627906976744186,0.030562499999997383,0.00035537790697671377,1.564352322038551,0.011712499999999348
