threshold_pips,config_hash,total_trades,win_rate,net_pnl,expectancy,profit_factor,max_drawdown,dominant_year_pnl_share,stressed_pf,harsh_pf
18.0,3338ba0739e1,130,0.5538461538461539,-0.008505000000001761,-6.542307692309047e-05,0.9114754098360461,0.028122499999999495,0.7496283080583349,0.8790616700342462,0.8712738837425614
20.0,e13247d35a0c,98,0.5306122448979592,-0.010270000000001334,-0.00010479591836736054,0.871246787438081,0.025657499999999778,0.5391463733961744,0.8638585349148993,0.8565685304303895
22.0,b3c2c3554285,70,0.5857142857142857,0.007407499999999567,0.00010582142857142238,1.1459462121958375,0.014887499999999831,0.5393503014065852,1.1361579294993203,1.1265004616804148
24.0,93066ca75098,58,0.5344827586206896,0.0007924999999993076,1.3663793103436338e-05,1.0172488845358436,0.013487499999999764,0.7658697444353157,1.008295055390496,0.9994632889651295
26.0,6dca8edc9612,47,0.5531914893617021,0.004644999999999788,9.882978723403805e-05,1.1290994997220667,0.011712499999999348,0.5384980988592963,1.118992582370279,1.1090248749399587
