{
  "total_trades": 129,
  "win_rate": 0.6434108527131783,
  "gross_pnl": 0.03750249999999644,
  "net_pnl": 0.03750249999999644,
  "average_win": 0.001426174698795131,
  "average_loss": -0.0017580434782608575,
  "expectancy": 0.0002907170542635383,
  "profit_factor": 1.463738098182227,
  "max_drawdown": 0.014887499999999831
}