{
  "bars": "/Users/anevigat/FX/eurusd-quant/eurusd_quant/data/bars/15m/eurusd_bars_15m_2018_2024.parquet",
  "impulse_window_utc": {
    "start": "13:00",
    "end_exclusive": "13:30"
  },
  "threshold_pips": null,
  "pip_size": 0.0001,
  "distribution": {
    "total_impulses": 1817,
    "direction_counts": {
      "down": 889,
      "flat": 2,
      "up": 926
    },
    "impulse_size_pips": {
      "min": 2.5500000000011624,
      "median": 12.650000000000716,
      "mean": 14.731535498073772,
      "p75": 17.54999999999951,
      "p90": 24.549999999999628,
      "max": 121.6499999999998
    }
  },
  "volatility_thresholds": {
    "low_quantile_threshold": 0.0006785000000000072,
    "high_quantile_threshold": 0.0009622857142857535
  },
  "forward_returns": {
    "1": {
      "all": {
        "count": 1817,
        "mean_return_pips": 0.07864611997799743,
        "mean_reversion_return_pips": 0.013181067693994577
      },
      "up": {
        "count": 926,
        "mean_return_pips": 0.0632289416846826,
        "mean_reversion_return_pips": -0.0632289416846826
      },
      "down": {
        "count": 889,
        "mean_return_pips": 0.09280089988751881,
        "mean_reversion_return_pips": 0.09280089988751881
      },
      "low_vol": {
        "count": 545,
        "mean_return_pips": -0.09935779816509997,
        "mean_reversion_return_pips": 0.1309174311927156
      },
      "high_vol": {
        "count": 545,
        "mean_return_pips": 0.3593577981651002,
        "mean_reversion_return_pips": 0.08357798165134514
      }
    },
    "2": {
      "all": {
        "count": 1817,
        "mean_return_pips": 0.1635388002201452,
        "mean_reversion_return_pips": -0.07991194276276942
      },
      "up": {
        "count": 926,
        "mean_return_pips": 0.23455723542114312,
        "mean_reversion_return_pips": -0.23455723542114312
      },
      "down": {
        "count": 889,
        "mean_return_pips": 0.0809898762654966,
        "mean_reversion_return_pips": 0.0809898762654966
      },
      "low_vol": {
        "count": 545,
        "mean_return_pips": 0.2899082568807754,
        "mean_reversion_return_pips": 0.5944036697248675
      },
      "high_vol": {
        "count": 545,
        "mean_return_pips": 0.9720183486238327,
        "mean_reversion_return_pips": -0.053669724770696384
      }
    },
    "4": {
      "all": {
        "count": 1817,
        "mean_return_pips": 0.10280682443591342,
        "mean_reversion_return_pips": -0.3353329664281076
      },
      "up": {
        "count": 926,
        "mean_return_pips": 0.42823974082069594,
        "mean_reversion_return_pips": -0.42823974082069594
      },
      "down": {
        "count": 889,
        "mean_return_pips": -0.23931383577042428,
        "mean_reversion_return_pips": -0.23931383577042428
      },
      "low_vol": {
        "count": 545,
        "mean_return_pips": -0.1744954128440024,
        "mean_reversion_return_pips": 0.7607339449542679
      },
      "high_vol": {
        "count": 545,
        "mean_return_pips": 1.1117431192661085,
        "mean_reversion_return_pips": -0.6084403669724398
      }
    },
    "8": {
      "all": {
        "count": 1817,
        "mean_return_pips": -0.2897358282883847,
        "mean_reversion_return_pips": 0.13951568519541785
      },
      "up": {
        "count": 926,
        "mean_return_pips": -0.4165766738661281,
        "mean_reversion_return_pips": 0.4165766738661281
      },
      "down": {
        "count": 889,
        "mean_return_pips": -0.148762654668122,
        "mean_reversion_return_pips": -0.148762654668122
      },
      "low_vol": {
        "count": 545,
        "mean_return_pips": 0.0852293577981368,
        "mean_reversion_return_pips": 1.3485321100918914
      },
      "high_vol": {
        "count": 545,
        "mean_return_pips": 1.2675229357798516,
        "mean_reversion_return_pips": -0.15192660550460668
      }
    }
  },
  "frequency_by_year": {
    "2018": 259,
    "2019": 259,
    "2020": 260,
    "2021": 260,
    "2022": 260,
    "2023": 259,
    "2024": 260
  },
  "frequency_by_month": {
    "2018-01": 22,
    "2018-02": 20,
    "2018-03": 22,
    "2018-04": 21,
    "2018-05": 23,
    "2018-06": 21,
    "2018-07": 22,
    "2018-08": 23,
    "2018-09": 20,
    "2018-10": 23,
    "2018-11": 22,
    "2018-12": 20,
    "2019-01": 22,
    "2019-02": 20,
    "2019-03": 21,
    "2019-04": 22,
    "2019-05": 23,
    "2019-06": 20,
    "2019-07": 23,
    "2019-08": 22,
    "2019-09": 21,
    "2019-10": 23,
    "2019-11": 21,
    "2019-12": 21,
    "2020-01": 22,
    "2020-02": 20,
    "2020-03": 22,
    "2020-04": 22,
    "2020-05": 21,
    "2020-06": 22,
    "2020-07": 23,
    "2020-08": 21,
    "2020-09": 22,
    "2020-10": 22,
    "2020-11": 21,
    "2020-12": 22,
    "2021-01": 20,
    "2021-02": 20,
    "2021-03": 23,
    "2021-04": 22,
    "2021-05": 21,
    "2021-06": 22,
    "2021-07": 22,
    "2021-08": 22,
    "2021-09": 22,
    "2021-10": 21,
    "2021-11": 22,
    "2021-12": 23,
    "2022-01": 21,
    "2022-02": 20,
    "2022-03": 23,
    "2022-04": 21,
    "2022-05": 22,
    "2022-06": 22,
    "2022-07": 21,
    "2022-08": 23,
    "2022-09": 22,
    "2022-10": 21,
    "2022-11": 22,
    "2022-12": 22,
    "2023-01": 22,
    "2023-02": 20,
    "2023-03": 23,
    "2023-04": 20,
    "2023-05": 23,
    "2023-06": 22,
    "2023-07": 21,
    "2023-08": 23,
    "2023-09": 21,
    "2023-10": 22,
    "2023-11": 22,
    "2023-12": 20,
    "2024-01": 22,
    "2024-02": 21,
    "2024-03": 21,
    "2024-04": 22,
    "2024-05": 23,
    "2024-06": 20,
    "2024-07": 23,
    "2024-08": 22,
    "2024-09": 21,
    "2024-10": 23,
    "2024-11": 21,
    "2024-12": 21
  }
}